model,train_loss,train_accuracy,val_loss,val_accuracy,test_loss,test_accuracy,fit_status
MobileNetV2 Transfer Learning + Fine-Tuning,0.004145814571529627,0.9988569021224976,0.01019154954701662,0.9963403344154358,0.02590041048824787,0.9926874041557312,GOOD FIT
CNN From Scratch,0.03468925878405571,0.9901691675186157,0.029596462845802307,0.9926806688308716,0.03934924677014351,0.9917733073234558,GOOD FIT
